﻿<?xml version="1.0" encoding="UTF-8"?>
<?xml-stylesheet type="text/xsl" href="probintziak.xsl"?>
<country car_code="E" 
          xmlns:xsd="http://www.w3.org/2001/XMLSchema" 
          xmlns:xsi="http://www.w3.org/2001/XMLSchema-instance" 
          xsi:noNamespaceSchemaLocation="spain.xsd">
        <name>Spain</name>
        <area>504750</area>
        <population>39181114</population>
        <province id="prov-cid-cia-Spain-2" >
            <name>Andalusia</name>
            <area>87600</area>
            <population>7053043</population>
            <city id="cty-cid-cia-Spain-5" is_state_cap="yes" >
                <name>Sevilla</name>
                <population year="94">714148</population>
            </city>
            <city id="cty-cid-cia-Spain-34">
                <name>Almeria</name>
                <population year="94">167361</population>
            </city>
            <city id="cty-cid-cia-Spain-39">
                <name>Cadiz</name>
                <longitude>-6.2</longitude>
                <latitude>36.3</latitude>
                <population year="94">155438</population>                
            </city>
            <city id="cty-cid-cia-Spain-13" >
                <name>Cordoba</name>
                <population year="94">315948</population>
            </city>
            <city id="cty-cid-cia-Spain-16">
                <name>Granada</name>
                <population year="94">271180</population>
            </city>
            <city id="cty-cid-cia-Spain-41" >
                <name>Huelva</name>
                <population year="94">145049</population>
            </city>
            <city id="cty-cid-cia-Spain-7" >
                <name>Malaga</name>
                <population year="94">531443</population>
            </city>
            <city id="cty-cid-cia-Spain-27" >
                <name>Jerez de la Frontera</name>
                <population year="94">190390</population>
            </city>
            <city id="cty-cid-cia-Spain-52" >
                <name>Jaen</name>
                <population year="94">112772</population>
            </city>
            <city id="cty-cid-cia-Spain-54" >
                <name>Algeciras</name>
                <population year="94">103787</population>
            </city>
        </province>
        <province id="prov-cid-cia-Spain-3" >
            <name>Aragon</name>
            <area>47720</area>
            <population>1183576</population>
            <city id="cty-cid-cia-Spain-6" is_state_cap="yes" >
                <name>Zaragoza</name>
                <population year="94">606620</population>
            </city>
        </province>
        <province id="prov-cid-cia-Spain-4" >
            <name>Asturias</name>
            <area>10604</area>
            <population>1083388</population>
            <city id="cty-cid-cia-Spain-23" is_state_cap="yes" >
                <name>Oviedo</name>
                <population year="94">201712</population>
            </city>
            <city id="cty-cid-cia-Spain-17" >
                <name>Gijon</name>
                <population year="94">269644</population>
            </city>
        </province>
        <province id="prov-cid-cia-Spain-5" >
            <name>Balearic Islands</name>
            <area>4992</area>
            <population>736865</population>
            <city id="cty-cid-cia-Spain-12" is_state_cap="yes" >
                <name>Palma de Mallorca</name>
                <population year="94">322008</population>
            </city>
        </province>
        <province id="prov-cid-cia-Spain-6" >
            <name>Basque Country</name>
            <area>7235</area>
            <population>2075561</population>
            <city id="cty-cid-cia-Spain-21" is_state_cap="yes" >
                <name>Vitoria Gasteiz</name>
                <population year="94">214148</population>
            </city>
            <city id="cty-cid-cia-Spain-8" >
                <name>Bilbao</name>
                <population year="94">371876</population>
            </city>
            <city id="cty-cid-cia-Spain-55" >
                <name>Baracaldo</name>
                <population year="94">103594</population>
            </city>
            <city id="cty-cid-cia-Spain-32" >
                <name>Donostia</name>
                <population year="94">177929</population>
            </city>
        </province>
        <province id="prov-cid-cia-Spain-7" >
            <name>Canary Islands</name>
            <area>7447</area>
            <population>1534897</population>
            <city id="cty-cid-cia-Spain-22" is_state_cap="yes">
                <name>Santa Cruz de Tenerife</name>
                <population year="94">203929</population>
            </city>
            <city id="cty-cid-cia-Spain-9" >
                <name>Las Palmas de Gran Canaria</name>
                <population year="94">371787</population>
            </city>
            <city id="cty-cid-cia-Spain-48" >
                <name>La Laguna</name>
                <population year="94">125183</population>
            </city>
        </province>
        <province id="prov-cid-cia-Spain-8" >
            <name>Cantabria</name>
            <area>5321</area>
            <population>526090</population>
            <city id="cty-cid-cia-Spain-25" is_state_cap="yes" >
                <name>Santander</name>
                <population year="94">194822</population>
            </city>
        </province>
        <province id="prov-cid-cia-Spain-9" >
            <name>Castile and Leon</name>
            <area>94224</area>            
            <population>2504371</population>
            <city id="cty-cid-cia-Spain-11" >
                <name>Valladolid</name>
                <population year="94">336917</population>
            </city>
            <city id="cty-cid-cia-Spain-35">
                <name>Burgos</name>
                <population year="94">166251</population>
            </city>
            <city id="cty-cid-cia-Spain-40" >
                <name>Leon</name>
                <population year="94">147311</population>
            </city>
            <city id="cty-cid-cia-Spain-33">
                <name>Salamanca</name>
                <population year="94">167382</population>
            </city>
        </province>
        <province id="prov-cid-cia-Spain-10">
            <name>Castile La Mancha</name>
            <area>79462</area>
            <population>1656179</population>
            <city id="cty-cid-cia-Spain-Toledo" is_state_cap="yes">
                <name>Toledo</name>
            </city>
            <city id="cty-cid-cia-Spain-44" >
                <name>Albacete</name>
                <population year="94">141179</population>
            </city>
        </province>
        <province id="prov-cid-cia-Spain-11" >
            <name>Catalonia</name>
            <area>32113</area>
            <population>6090107</population>
            <city id="cty-Spain-Barcelona" is_state_cap="yes" >
                <name>Barcelona</name>
                <longitude>2.15</longitude>
                <latitude>41.4</latitude>
                <population year="94">1630867</population>
            </city>
            <city id="cty-cid-cia-Spain-51" >
                <name>Lleida</name>
                <population year="94">114234</population>
            </city>
            <city id="cty-cid-cia-Spain-50">
                <name>Tarragona</name>
                <population year="94">114630</population>
            </city>
            <city id="cty-cid-cia-Spain-18" >
                <name>Hospitalet de Llobregat</name>
                <population year="94">266242</population>
            </city>
            <city id="cty-cid-cia-Spain-20" >
                <name>Badalona</name>
                <population year="94">219340</population>
            </city>
            <city id="cty-cid-cia-Spain-28" >
                <name>Sabadell</name>
                <population year="94">189006</population>
            </city>
            <city id="cty-cid-cia-Spain-37" >
                <name>Terrassa</name>
                <population year="94">161428</population>
            </city>
            <city id="cty-cid-cia-Spain-46" >
                <name>Santa Coloma de Gramanet</name>
                <population year="94">131764</population>
            </city>
            <city id="cty-cid-cia-Spain-56" >
                <name>Mataro</name>
                <population year="94">102117</population>
            </city>
        </province>
        <province id="prov-cid-cia-Spain-12" >
            <name>Estremadura</name>
            <area>41635</area>
            <population>1050590</population>
            <city id="cty-cid-cia-Spain-47" >
                <name>Badajoz</name>
                <population year="94">130153</population>
            </city>
            <city id="cty-cid-cia-Spain-Merida" is_state_cap="yes" >
                <name>Merida</name>
            </city>
        </province>
        <province id="prov-cid-cia-Spain-13" >
            <name>Galicia</name>
            <area>29574</area>
            <population>2720761</population>
            <city id="cty-cid-cia-Spain-19" >
                <name>La Coruna</name>
                <population year="94">255087</population>
            </city>
            <city id="cty-cid-cia-Spain-14" >
                <name>Vigo</name>
                <population year="94">288573</population>
            </city>
            <city id="cty-cid-cia-Spain-53" >
                <name>Orense</name>
                <population year="94">108547</population>
            </city>
            <city id="cty-cid-cia-Spain-Santiago-de-Compostella" is_state_cap="yes" >
                <name>Santiago de Compostella</name>
            </city>
        </province>
        <province id="prov-cid-cia-Spain-14" >
            <name>Madrid</name>
            <area>8028</area>
            <population>5034548</population>
            <city id="cty-Spain-Madrid" is_state_cap="yes" >
                <name>Madrid</name>
                <longitude>-3.68333</longitude>
                <latitude>40.4167</latitude>
                <population year="94">3041101</population>
            </city>
            <city id="cty-cid-cia-Spain-24" >
                <name>Mostoles</name>
                <population year="94">199141</population>
            </city>
            <city id="cty-cid-cia-Spain-31" >
                <name>Leganes</name>
                <population year="94">178162</population>
            </city>
            <city id="cty-cid-cia-Spain-36" >
                <name>Alcala de Henares</name>
                <population year="94">166250</population>
            </city>
            <city id="cty-cid-cia-Spain-38" >
                <name>Fuenlabrada</name>
                <population year="94">158212</population>
            </city>
            <city id="cty-cid-cia-Spain-42" >
                <name>Getafe</name>
                <population year="94">144368</population>
            </city>
            <city id="cty-cid-cia-Spain-43" >
                <name>Alcorcon</name>
                <population year="94">142165</population>
            </city>
        </province>
        <province id="prov-cid-cia-Spain-15" >
            <name>Murcia</name>
            <area>11314</area>
            <population>1070401</population>
            <city id="cty-cid-cia-Spain-10" is_state_cap="yes" >
                <name>Murcia</name>
                <population year="94">341531</population>
            </city>
            <city id="cty-cid-cia-Spain-30" >
                <name>Cartagena</name>
                <population year="94">179659</population>
            </city>
        </province>
        <province id="prov-cid-cia-Spain-16" >
            <name>Navarre</name>
            <area>10391</area>
            <population>523614</population>
            <city id="cty-cid-cia-Spain-29" is_state_cap="yes" >
                <name>Pamplona</name>
                <population year="94">182465</population>
            </city>
        </province>
        <province id="prov-cid-cia-Spain-17" >
            <name>Rioja</name>
            <area>5045</area>
            <population>263437</population>
            <city id="cty-cid-cia-Spain-49" is_state_cap="yes" >
                <name>Logrono</name>
                <population year="94">124823</population>
            </city>
        </province>
        <province id="prov-cid-cia-Spain-18" >
            <name>Valencia</name>
            <area>23255</area>
            <population>3909047</population>
            <city id="cty-Spain-Valencia" is_state_cap="yes" >
                <name>Valencia</name>
                <longitude>-0.383333</longitude>
                <latitude>39.4667</latitude>
                <population year="94">764293</population>
            </city>
            <city id="cty-cid-cia-Spain-15" >
                <name>Alicante</name>
                <population year="94">274964</population>
            </city>
            <city id="cty-cid-cia-Spain-26" >
                <name>Elx</name>
                <population year="94">191305</population>
            </city>
            <city id="cty-cid-cia-Spain-45" >
                <name>Castellon de la Plana</name>
                <population year="94">139094</population>
            </city>
        </province>
    </country>